"","ID","Description","GeneRatio","BgRatio","pvalue","p.adjust","qvalue","geneID","Count"
"GO:0002181","GO:0002181","cytoplasmic translation","38/292","159/18614",3.08718583003757e-34,9.87282028446015e-31,8.67336734775818e-31,"6176/11224/6194/6175/6191/6146/6222/6224/6202/6229/6228/6168/6143/3921/6137/6188/6173/6136/25873/6161/6181/6189/6157/6122/6167/6171/6201/4736/6160/6129/4904/23521/6209/6218/6170/6223/3184/5315",38
"GO:0009205","GO:0009205","purine ribonucleoside triphosphate metabolic process","26/292","244/18614",1.38730111758957e-14,1.44303595026673e-11,1.26772092796876e-11,"2023/2597/204/402/4831/93974/4718/521/517/516/5901/7167/51079/518/10632/522/5223/4830/4715/3939/706/506/9551/4717/2821/5315",26
"GO:0006119","GO:0006119","oxidative phosphorylation","21/292","148/18614",1.729615735298e-14,1.44303595026673e-11,1.26772092796876e-11,"6622/1345/4718/1351/521/7388/1329/51142/51079/9377/1347/10632/522/27089/1337/4715/29796/7386/506/9551/4717",21
"GO:0009141","GO:0009141","nucleoside triphosphate metabolic process","27/292","269/18614",1.85616815394064e-14,1.44303595026673e-11,1.26772092796876e-11,"2023/2597/204/402/4831/93974/4718/521/517/1854/516/5901/7167/51079/518/10632/522/5223/4830/4715/3939/706/506/9551/4717/2821/5315",27
"GO:0009144","GO:0009144","purine nucleoside triphosphate metabolic process","26/292","249/18614",2.25615376839701e-14,1.44303595026673e-11,1.26772092796876e-11,"2023/2597/204/402/4831/93974/4718/521/517/516/5901/7167/51079/518/10632/522/5223/4830/4715/3939/706/506/9551/4717/2821/5315",26
"GO:0009199","GO:0009199","ribonucleoside triphosphate metabolic process","26/292","251/18614",2.73159928980724e-14,1.45594242146726e-11,1.2790593867536e-11,"2023/2597/204/402/4831/93974/4718/521/517/516/5901/7167/51079/518/10632/522/5223/4830/4715/3939/706/506/9551/4717/2821/5315",26
"GO:0009060","GO:0009060","aerobic respiration","23/292","196/18614",6.18936920057904e-14,2.82765752906454e-11,2.48412427012714e-11,"6622/847/402/1345/4718/1351/521/7388/1329/51142/51079/9377/1347/10632/522/27089/1337/4715/29796/7386/506/9551/4717",23
"GO:0046034","GO:0046034","ATP metabolic process","23/292","219/18614",6.65871269877889e-13,2.66182040133686e-10,2.33843476224222e-10,"2023/2597/204/402/93974/4718/521/517/516/7167/51079/518/10632/522/5223/4715/3939/706/506/9551/4717/2821/5315",23
"GO:0045333","GO:0045333","cellular respiration","24/292","243/18614",7.94131565332063e-13,2.8218141621466e-10,2.47899081622372e-10,"6622/847/402/1345/4718/1351/521/7388/1329/51142/51079/9377/1347/10632/522/27089/1337/4715/29796/7386/506/9551/4717/2109",24
"GO:0042773","GO:0042773","ATP synthesis coupled electron transport","15/292","102/18614",6.14175116134851e-11,1.78557456490841e-08,1.56864438752528e-08,"6622/1345/4718/1351/7388/1329/51142/9377/1347/27089/1337/4715/29796/7386/4717",15
"GO:0042775","GO:0042775","mitochondrial ATP synthesis coupled electron transport","15/292","102/18614",6.14175116134851e-11,1.78557456490841e-08,1.56864438752528e-08,"6622/1345/4718/1351/7388/1329/51142/9377/1347/27089/1337/4715/29796/7386/4717",15
"GO:0022613","GO:0022613","ribonucleoprotein complex biogenesis","30/292","475/18614",1.00310556451103e-10,2.60711686157237e-08,2.2903771776889e-08,"11224/6194/6175/6202/6229/3921/6633/6201/6636/6129/51065/4869/23521/6209/5901/6632/6218/6635/2971/6637/401466/57819/6223/708/3326/5036/6631/51504/6628/10772",30
"GO:0022904","GO:0022904","respiratory electron transport chain","16/292","124/18614",1.05980360226519e-10,2.60711686157237e-08,2.2903771776889e-08,"6622/1345/4718/1351/7388/1329/51142/9377/1347/27089/1337/4715/29796/7386/4717/2109",16
"GO:0019646","GO:0019646","aerobic electron transport chain","14/292","94/18614",2.26837623586194e-10,5.18161943020463e-08,4.55210238610189e-08,"6622/1345/4718/1351/7388/1329/9377/1347/27089/1337/4715/29796/7386/4717",14
"GO:0009259","GO:0009259","ribonucleotide metabolic process","29/292","464/18614",2.68188922509961e-10,5.71778782791237e-08,5.02313146792341e-08,"2023/2597/204/6622/402/4831/93974/4718/521/517/516/5901/7167/51079/518/3094/79621/10632/522/5223/4830/4715/3939/706/506/9551/4717/2821/5315",29
"GO:0019693","GO:0019693","ribose phosphate metabolic process","29/292","473/18614",4.20055465164546e-10,8.39585860997637e-08,7.37584234555378e-08,"2023/2597/204/6622/402/4831/93974/4718/521/517/516/5901/7167/51079/518/3094/79621/10632/522/5223/4830/4715/3939/706/506/9551/4717/2821/5315",29
"GO:0009206","GO:0009206","purine ribonucleoside triphosphate biosynthetic process","15/292","117/18614",4.50330152038757e-10,8.47015448290025e-08,7.44111198277238e-08,"2023/4831/4718/521/517/516/51079/518/10632/522/4830/4715/506/9551/4717",15
"GO:0009150","GO:0009150","purine ribonucleotide metabolic process","28/292","445/18614",4.76744154759864e-10,8.47015448290025e-08,7.44111198277238e-08,"2023/2597/204/6622/402/4831/93974/4718/521/517/516/5901/7167/51079/518/3094/10632/522/5223/4830/4715/3939/706/506/9551/4717/2821/5315",28
"GO:0009145","GO:0009145","purine nucleoside triphosphate biosynthetic process","15/292","118/18614",5.08716166913594e-10,8.56249632520881e-08,7.52223517724311e-08,"2023/4831/4718/521/517/516/51079/518/10632/522/4830/4715/506/9551/4717",15
"GO:0015980","GO:0015980","energy derivation by oxidation of organic compounds","24/292","337/18614",7.61026710745686e-10,1.21688171048235e-07,1.06904225841065e-07,"6622/847/402/1345/4718/1351/521/7388/1329/51142/51079/9377/1347/10632/522/27089/1337/4715/29796/7386/506/9551/4717/2109",24
"GO:0009201","GO:0009201","ribonucleoside triphosphate biosynthetic process","15/292","123/18614",9.19217161597623e-10,1.39983642037581e-07,1.2297697264682e-07,"2023/4831/4718/521/517/516/51079/518/10632/522/4830/4715/506/9551/4717",15
"GO:0015986","GO:0015986","proton motive force-driven ATP synthesis","12/292","76/18614",2.24810872056954e-09,3.2679325856279e-07,2.87091013167469e-07,"4718/521/517/516/51079/518/10632/522/4715/506/9551/4717",12
"GO:0009142","GO:0009142","nucleoside triphosphate biosynthetic process","15/292","134/18614",3.07088618605312e-09,4.26986696652082e-07,3.75111909866169e-07,"2023/4831/4718/521/517/516/51079/518/10632/522/4830/4715/506/9551/4717",15
"GO:1902600","GO:1902600","proton transmembrane transport","15/292","143/18614",7.56644558768133e-09,1.00822887455854e-06,8.85738740066731e-07,"1351/521/517/7388/1329/516/518/9377/10632/522/29796/81/7386/506/9551",15
"GO:0006754","GO:0006754","ATP biosynthetic process","13/292","106/18614",1.15384906311373e-08,1.47600372153508e-06,1.2966834313476e-06,"2023/4718/521/517/516/51079/518/10632/522/4715/506/9551/4717",13
"GO:0022900","GO:0022900","electron transport chain","16/292","177/18614",2.04185979954832e-08,2.51148755344444e-06,2.20636591295323e-06,"6622/1345/4718/1351/7388/1329/51142/9377/1347/27089/1337/4715/29796/7386/4717/2109",16
"GO:0009152","GO:0009152","purine ribonucleotide biosynthetic process","17/292","217/18614",6.14789767489517e-08,7.2818432460425e-06,6.39716915956928e-06,"2023/204/6622/4831/4718/521/517/516/51079/518/10632/522/4830/4715/506/9551/4717",17
"GO:0000387","GO:0000387","spliceosomal snRNP assembly","9/292","52/18614",1.03633221751509e-07,1.18363943986188e-05,1.03983860471721e-05,"6633/6636/6632/6635/6637/57819/6631/6628/10772",9
"GO:0009260","GO:0009260","ribonucleotide biosynthetic process","17/292","231/18614",1.52114919075961e-07,1.67746038346525e-05,1.47366504179216e-05,"2023/204/6622/4831/4718/521/517/516/51079/518/10632/522/4830/4715/506/9551/4717",17
"GO:0046390","GO:0046390","ribose phosphate biosynthetic process","17/292","238/18614",2.33198207333997e-07,2.48589289018041e-05,2.18388075569978e-05,"2023/204/6622/4831/4718/521/517/516/51079/518/10632/522/4830/4715/506/9551/4717",17
"GO:0042254","GO:0042254","ribosome biogenesis","19/292","298/18614",2.66400268615343e-07,2.74821954526408e-05,2.41433723916587e-05,"11224/6194/6175/6202/6229/3921/6201/6129/51065/4869/6209/5901/6218/2971/401466/6223/708/5036/51504",19
"GO:0042274","GO:0042274","ribosomal small subunit biogenesis","10/292","78/18614",3.80042078736721e-07,3.79804552437511e-05,3.33661943469839e-05,"6194/6202/6229/3921/6201/51065/4869/6209/6218/6223",10
"GO:0036260","GO:0036260","RNA capping","6/292","20/18614",4.5607154571484e-07,4.4197478884729e-05,3.88279092667594e-05,"6633/6636/6632/6635/6637/6628",6
"GO:0022618","GO:0022618","ribonucleoprotein complex assembly","16/292","231/18614",8.00573794751855e-07,7.53010292828363e-05,6.61526767242323e-05,"6175/3921/6633/6636/51065/23521/6209/6632/6635/6637/57819/6223/3326/6631/6628/10772",16
"GO:0006164","GO:0006164","purine nucleotide biosynthetic process","17/292","262/18614",9.00126587610994e-07,8.22458522051417e-05,7.22537702957517e-05,"2023/204/6622/4831/4718/521/517/516/51079/518/10632/522/4830/4715/506/9551/4717",17
"GO:0042776","GO:0042776","proton motive force-driven mitochondrial ATP synthesis","9/292","67/18614",9.80455168538335e-07,8.70971008051554e-05,7.65156387376847e-05,"4718/521/51079/10632/522/4715/506/9551/4717",9
"GO:0009165","GO:0009165","nucleotide biosynthetic process","18/292","295/18614",1.04544210687268e-06,9.03601042642927e-05,7.93822185844434e-05,"2023/204/6622/4831/4718/521/517/1854/516/51079/518/10632/522/4830/4715/506/9551/4717",18
"GO:1901293","GO:1901293","nucleoside phosphate biosynthetic process","18/292","297/18614",1.15207752101124e-06,9.69564187419457e-05,8.51771441434623e-05,"2023/204/6622/4831/4718/521/517/1854/516/51079/518/10632/522/4830/4715/506/9551/4717",18
"GO:0071826","GO:0071826","ribonucleoprotein complex subunit organization","16/292","239/18614",1.25631384336792e-06,0.000103017735156169,9.05020687705527e-05,"6175/3921/6633/6636/51065/23521/6209/6632/6635/6637/57819/6223/3326/6631/6628/10772",16
"GO:0097529","GO:0097529","myeloid leukocyte migration","16/292","241/18614",1.40185260969409e-06,0.00011148428992144,9.79400183668484e-05,"566/1511/6368/5478/928/4282/3146/2526/23521/5479/1652/6223/708/682/4267/5880",16
"GO:0072522","GO:0072522","purine-containing compound biosynthetic process","17/292","271/18614",1.43395871882405e-06,0.00011148428992144,9.79400183668484e-05,"2023/204/6622/4831/4718/521/517/516/51079/518/10632/522/4830/4715/506/9551/4717",17
"GO:0050829","GO:0050829","defense response to Gram-negative bacterium","10/292","90/18614",1.46414639671684e-06,0.00011148428992144,9.79400183668484e-05,"566/1511/1991/6037/3148/4069/29108/6039/6223/140823",10
"GO:1903241","GO:1903241","U2-type prespliceosome assembly","6/292","24/18614",1.5022032416031e-06,0.000111721999224342,9.81488482702248e-05,"6633/6636/6632/6635/6637/6628",6
"GO:0006123","GO:0006123","mitochondrial electron transport, cytochrome c to oxygen","6/292","25/18614",1.95065499556957e-06,0.000141777151723443,0.000124552588114239,"1345/1351/1329/9377/1347/1337",6
"GO:0006959","GO:0006959","humoral immune response","16/292","250/18614",2.26325936396139e-06,0.000160842298798856,0.000141301502746502,"566/1511/1991/1675/2597/6037/648/3151/4069/6170/6039/6223/708/140823/2821/5777",16
"GO:0044403","GO:0044403","biological process involved in symbiotic interaction","18/292","313/18614",2.43123534542496e-06,0.000169023709449326,0.000148488950502041,"566/1511/1991/3956/8673/2597/5478/3146/3921/2934/5034/5479/1072/64710/3326/140823/156/682",18
"GO:0006165","GO:0006165","nucleoside diphosphate phosphorylation","10/292","102/18614",4.62074620893483e-06,0.000314407369705821,0.00027620989096634,"2023/2597/402/4831/7167/5223/4830/3939/2821/5315",10
"GO:0019730","GO:0019730","antimicrobial humoral response","11/292","126/18614",4.82176031223574e-06,0.000321249780802706,0.000282221014766605,"566/1511/1991/2597/6037/3151/4069/6170/6039/6223/140823",11
"GO:0046939","GO:0046939","nucleotide phosphorylation","10/292","104/18614",5.50819032178754e-06,0.000359493727532174,0.000315818688911943,"2023/2597/402/4831/7167/5223/4830/3939/2821/5315",10
"GO:0009132","GO:0009132","nucleoside diphosphate metabolic process","11/292","134/18614",8.73298999609756e-06,0.0005585620401504,0.000490702111570198,"2023/2597/204/402/4831/7167/5223/4830/3939/2821/5315",11
"GO:0060326","GO:0060326","cell chemotaxis","17/292","312/18614",9.4691386534828e-06,0.00059377069438898,0.000521633252139228,"566/1511/3219/6368/5478/3315/4282/3146/3148/23521/5872/5479/1652/6223/708/682/5880",17
"GO:0006401","GO:0006401","RNA catabolic process","17/292","319/18614",1.26397706763109e-05,0.000777345896593122,0.00068290582864522,"6036/6037/84153/4904/4869/7431/79621/6039/51690/23658/3182/57819/55603/6050/3184/23589/26135",17
"GO:0050900","GO:0050900","leukocyte migration","19/292","393/18614",1.55181358827433e-05,0.000936358463264397,0.000822599894161705,"566/1511/1991/6368/5478/928/4282/3146/2526/29108/23521/5479/6693/1652/6223/708/682/4267/5880",19
"GO:0046031","GO:0046031","ADP metabolic process","9/292","94/18614",1.68571325736629e-05,0.000998316851306922,0.000877030932536182,"2023/2597/204/402/7167/5223/3939/2821/5315",9
"GO:0070527","GO:0070527","platelet aggregation","8/292","73/18614",1.85130373013354e-05,0.0010764489689031,0.00094567074750745,"1511/5478/3315/928/71/1192/2316/5777",8
"GO:0034109","GO:0034109","homotypic cell-cell adhesion","9/292","97/18614",2.17397921387358e-05,0.00124149741535138,0.00109066739132116,"1511/5478/3315/928/71/1192/2316/5777/4267",9
"GO:1904667","GO:1904667","negative regulation of ubiquitin protein ligase activity","4/292","12/18614",2.65918636788378e-05,0.00149194350956006,0.00131068668806682,"6224/6167/6201/6209",4
"GO:0034655","GO:0034655","nucleobase-containing compound catabolic process","20/292","447/18614",2.82213946680777e-05,0.00155606931290539,0.00136702182158075,"6036/6037/84153/4904/4869/1854/7431/4521/3094/79621/6039/51690/23658/3182/57819/55603/6050/3184/23589/26135",20
"GO:0042255","GO:0042255","ribosome assembly","7/292","60/18614",4.12587073986002e-05,0.00223636180102921,0.00196466529967643,"6175/3921/51065/4869/6209/6223/708",7
"GO:0061844","GO:0061844","antimicrobial humoral immune response mediated by antimicrobial peptide","8/292","82/18614",4.34594822074457e-05,0.00227881071793095,0.00200195708046401,"1991/2597/6037/3151/6170/6039/6223/140823",8
"GO:0009135","GO:0009135","purine nucleoside diphosphate metabolic process","9/292","106/18614",4.4179569891094e-05,0.00227881071793095,0.00200195708046401,"2023/2597/204/402/7167/5223/3939/2821/5315",9
"GO:0009179","GO:0009179","purine ribonucleoside diphosphate metabolic process","9/292","106/18614",4.4179569891094e-05,0.00227881071793095,0.00200195708046401,"2023/2597/204/402/7167/5223/3939/2821/5315",9
"GO:1900024","GO:1900024","regulation of substrate adhesion-dependent cell spreading","7/292","61/18614",4.59884780346333e-05,0.002334462742139,0.00205084791770152,"5034/2316/81/708/10519/91663/6281",7
"GO:0016032","GO:0016032","viral process","19/292","426/18614",4.67420023774359e-05,0.0023356394312975,0.00205188165041738,"3956/8673/5478/3146/4774/3921/2934/5034/5901/8815/5479/1072/64710/3276/3326/7155/5725/156/682",19
"GO:0008380","GO:0008380","RNA splicing","20/292","466/18614",5.05570494455455e-05,0.00248740683272084,0.00218521076874755,"404266/3178/6633/6636/4904/6632/4154/6635/3276/6637/51690/23658/57819/708/6631/5725/6628/27258/4691/10772",20
"GO:0006122","GO:0006122","mitochondrial electron transport, ubiquinol to cytochrome c","4/292","14/18614",5.2456795486557e-05,0.00254177018130317,0.00223296949208326,"7388/27089/29796/7386",4
"GO:0006096","GO:0006096","glycolytic process","8/292","85/18614",5.634885942996e-05,0.00268960675308973,0.00236284533886195,"2023/2597/402/7167/5223/3939/2821/5315",8
"GO:0000377","GO:0000377","RNA splicing, via transesterification reactions with bulged adenosine as nucleophile","16/292","325/18614",5.90269553142073e-05,0.00273577105934543,0.00240340112484545,"3178/6633/6636/6632/6635/6637/51690/23658/57819/708/6631/5725/6628/27258/4691/10772",16
"GO:0000398","GO:0000398","mRNA splicing, via spliceosome","16/292","325/18614",5.90269553142073e-05,0.00273577105934543,0.00240340112484545,"3178/6633/6636/6632/6635/6637/51690/23658/57819/708/6631/5725/6628/27258/4691/10772",16
"GO:1900026","GO:1900026","positive regulation of substrate adhesion-dependent cell spreading","6/292","44/18614",6.05376162987079e-05,0.00276083805684385,0.00242542272266095,"5034/2316/708/10519/91663/6281",6
"GO:0006757","GO:0006757","ATP generation from ADP","8/292","86/18614",6.12944033883405e-05,0.00276083805684385,0.00242542272266095,"2023/2597/402/7167/5223/3939/2821/5315",8
"GO:0051873","GO:0051873","killing by host of symbiont cells","5/292","28/18614",6.71013572737466e-05,0.00297290654601954,0.0026117269251592,"566/1511/1991/2597/140823",5
"GO:0000375","GO:0000375","RNA splicing, via transesterification reactions","16/292","329/18614",6.81921577831197e-05,0.00297290654601954,0.0026117269251592,"3178/6633/6636/6632/6635/6637/51690/23658/57819/708/6631/5725/6628/27258/4691/10772",16
"GO:0034101","GO:0034101","erythrocyte homeostasis","10/292","139/18614",6.94786984511169e-05,0.00297290654601954,0.0026117269251592,"6194/1021/6229/4602/93974/3148/6218/3276/6223/2821",10
"GO:0098760","GO:0098760","response to interleukin-7","4/292","15/18614",7.06506871474312e-05,0.00297290654601954,0.0026117269251592,"5034/4904/506/3068",4
"GO:0098761","GO:0098761","cellular response to interleukin-7","4/292","15/18614",7.06506871474312e-05,0.00297290654601954,0.0026117269251592,"5034/4904/506/3068",4
"GO:1990748","GO:1990748","cellular detoxification","9/292","115/18614",8.36835590228012e-05,0.00344526679900405,0.00302669993961417,"4353/7295/4056/2950/847/241/25824/2098/4259",9
"GO:0002262","GO:0002262","myeloid cell homeostasis","11/292","171/18614",8.40308975366842e-05,0.00344526679900405,0.00302669993961417,"6194/1021/6229/3146/4602/93974/3148/6218/3276/6223/2821",11
"GO:0009185","GO:0009185","ribonucleoside diphosphate metabolic process","9/292","116/18614",8.94948526130454e-05,0.00359643101223475,0.00315949915132963,"2023/2597/204/402/7167/5223/3939/2821/5315",9
"GO:0044270","GO:0044270","cellular nitrogen compound catabolic process","20/292","486/18614",8.99670046837962e-05,0.00359643101223475,0.00315949915132963,"6036/6037/84153/4904/4869/1854/7431/4521/3094/79621/6039/51690/23658/3182/57819/55603/6050/3184/23589/26135",20
"GO:0051014","GO:0051014","actin filament severing","4/292","16/18614",9.30408929516587e-05,0.00366481074827137,0.00321957140552855,"822/2934/1072/11034",4
"GO:1901798","GO:1901798","positive regulation of signal transduction by p53 class mediator","5/292","30/18614",9.48316940334902e-05,0.00366481074827137,0.00321957140552855,"6224/6167/6201/6209/7314",5
"GO:0046700","GO:0046700","heterocycle catabolic process","20/292","488/18614",9.51154759557611e-05,0.00366481074827137,0.00321957140552855,"6036/6037/84153/4904/4869/1854/7431/4521/3094/79621/6039/51690/23658/3182/57819/55603/6050/3184/23589/26135",20
"GO:0000245","GO:0000245","spliceosomal complex assembly","8/292","94/18614",0.00011542338419651,0.00439433312690998,0.00386046381479304,"6633/6636/6632/6635/6637/6631/6628/10772",8
"GO:0030595","GO:0030595","leukocyte chemotaxis","13/292","241/18614",0.000117929639358233,0.00443692925491328,0.0038978849219458,"566/1511/6368/5478/4282/3146/23521/5479/1652/6223/708/682/5880",13
"GO:0051348","GO:0051348","negative regulation of transferase activity","14/292","279/18614",0.000139550546843562,0.00513517580859555,0.00451130121890048,"5478/3315/6622/2950/6224/6167/5577/6201/4869/29108/6209/8815/29085/5777",14
"GO:0042742","GO:0042742","defense response to bacterium","15/292","314/18614",0.000139699904736652,0.00513517580859555,0.00451130121890048,"566/1511/1991/4353/6037/3148/4069/29108/6693/6170/6039/6223/140823/51316/2896",15
"GO:0043280","GO:0043280","positive regulation of cysteine-type endopeptidase activity involved in apoptotic process","9/292","124/18614",0.000149382324659744,0.0053676929692344,0.00471556977548027,"6622/3146/6188/2934/51065/29108/51079/10541/3336",9
"GO:0097237","GO:0097237","cellular response to toxic substance","9/292","124/18614",0.000149382324659744,0.0053676929692344,0.00471556977548027,"4353/7295/4056/2950/847/241/25824/2098/4259",9
"GO:0098869","GO:0098869","cellular oxidant detoxification","8/292","99/18614",0.000165942705278879,0.00589649746090949,0.00518012959519681,"4353/7295/4056/2950/847/241/25824/4259",8
"GO:0019058","GO:0019058","viral life cycle","15/292","320/18614",0.000171759827807645,0.00603613109152583,0.00530279907945177,"3956/8673/5478/3146/4774/3921/2934/5034/8815/5479/64710/3326/7155/156/682",15
"GO:0034446","GO:0034446","substrate adhesion-dependent cell spreading","8/292","100/18614",0.000177957283754153,0.00618594992875849,0.00543441636544433,"5034/29780/2316/81/708/10519/91663/6281",8
"GO:0000028","GO:0000028","ribosomal small subunit assembly","4/292","19/18614",0.000190923182062479,0.00656529393801943,0.00576767371731472,"3921/51065/6209/6223",4
"GO:0016072","GO:0016072","rRNA metabolic process","13/292","257/18614",0.000222372332283746,0.007508026665475,0.00659587346372824,"11224/6194/6202/6229/6201/6129/6209/6218/2971/6223/5036/51504/4691",13
"GO:0032271","GO:0032271","regulation of protein polymerization","11/292","191/18614",0.000223033937842441,0.007508026665475,0.00659587346372824,"6622/822/402/51673/6188/2934/29108/3925/2242/5216/91663",11
"GO:0001906","GO:0001906","cell killing","11/292","197/18614",0.000291218628777052,0.00970122057113553,0.00852261535313543,"566/1511/1991/2597/4818/3151/4069/6223/140823/5777/203068",11
"GO:1902903","GO:1902903","regulation of supramolecular fiber organization","16/292","376/18614",0.000313612347648203,0.0103395081214325,0.0090833570903207,"6622/822/402/6188/71/2934/29108/3925/2316/2242/5216/10519/91663/6050/11034/6281",16
"GO:0048872","GO:0048872","homeostasis of number of cells","14/292","304/18614",0.000336787467264674,0.0108859010129035,0.00956336848801535,"6194/4282/1021/6229/3146/4602/93974/2322/3148/6218/3276/6223/2821/1831",14
"GO:2000116","GO:2000116","regulation of cysteine-type endopeptidase activity","12/292","234/18614",0.000340766680375643,0.0108859010129035,0.00956336848801535,"6622/3146/6188/2934/51065/29108/25824/51079/2821/10541/3336/1471",12
"GO:0045730","GO:0045730","respiratory burst","5/292","39/18614",0.000341430821758907,0.0108859010129035,0.00956336848801535,"4353/5223/6223/5880/2896",5
"GO:0032069","GO:0032069","regulation of nuclease activity","4/292","22/18614",0.000347205097972532,0.0108859010129035,0.00956336848801535,"3146/6188/3148/4869",4
"GO:0051444","GO:0051444","negative regulation of ubiquitin-protein transferase activity","4/292","22/18614",0.000347205097972532,0.0108859010129035,0.00956336848801535,"6224/6167/6201/6209",4
"GO:0006397","GO:0006397","mRNA processing","19/292","500/18614",0.00036838900590783,0.0114379421445946,0.0100483419189371,"404266/3178/6633/6636/4904/6632/4154/6635/6637/51690/23658/57819/708/6631/5725/6628/27258/4691/10772",19
"GO:0031397","GO:0031397","negative regulation of protein ubiquitination","7/292","85/18614",0.000377878627867963,0.0116058737915694,0.0101958714820772,"5478/6224/6188/6167/6201/6209/706",7
"GO:0046456","GO:0046456","icosanoid biosynthetic process","6/292","61/18614",0.000381055893719446,0.0116058737915694,0.0101958714820772,"4056/4282/2171/29108/241/4259",6
"GO:0006090","GO:0006090","pyruvate metabolic process","8/292","112/18614",0.000386868685204029,0.011671755238514,0.0102537489653382,"2023/2597/402/7167/5223/3939/2821/5315",8
"GO:0043281","GO:0043281","regulation of cysteine-type endopeptidase activity involved in apoptotic process","11/292","204/18614",0.000392209291111678,0.0117222926446275,0.0102981465615058,"6622/3146/6188/2934/51065/29108/25824/51079/2821/10541/3336",11
"GO:2001056","GO:2001056","positive regulation of cysteine-type endopeptidase activity","9/292","142/18614",0.000411682425524178,0.0121903740446881,0.0107093605626124,"6622/3146/6188/2934/51065/29108/51079/10541/3336",9
"GO:2001242","GO:2001242","regulation of intrinsic apoptotic signaling pathway","10/292","173/18614",0.000415659543069088,0.0121952221902288,0.0107136197049869,"2023/5478/3315/4282/6188/5034/6201/29108/51079/7314",10
"GO:0032070","GO:0032070","regulation of deoxyribonuclease activity","3/292","10/18614",0.000422544837315617,0.0122845308157758,0.0107920781894295,"3146/6188/4869",3
"GO:0098754","GO:0098754","detoxification","9/292","144/18614",0.000456073511306517,0.0131398476500742,0.0115434822349653,"4353/7295/4056/2950/847/241/25824/2098/4259",9
"GO:0001510","GO:0001510","RNA methylation","7/292","90/18614",0.000535233572657165,0.0152828300478358,0.0134261128329133,"6633/6636/6632/6635/6637/51504/6628",7
"GO:0050830","GO:0050830","defense response to Gram-positive bacterium","8/292","118/18614",0.000549055009645745,0.0154024379021675,0.0135311894805586,"1511/6037/3148/4069/29108/6170/6039/140823",8
"GO:0051702","GO:0051702","biological process involved in interaction with symbiont","8/292","118/18614",0.000549055009645745,0.0154024379021675,0.0135311894805586,"566/1511/1991/2597/5479/1072/64710/140823",8
"GO:0070944","GO:0070944","neutrophil-mediated killing of bacterium","3/292","11/18614",0.000574268133726031,0.0159696477535291,0.014029488777252,"566/1511/1991",3
"GO:0030219","GO:0030219","megakaryocyte differentiation","6/292","66/18614",0.000584097455781035,0.0161029626171358,0.0141466071640615,"4602/3148/2316/3276/10519/5777",6
"GO:0031647","GO:0031647","regulation of protein stability","14/292","322/18614",0.000596879094026187,0.0163146952367158,0.0143326163018974,"2597/404266/4000/6622/2934/10169/6201/29108/5479/22848/2316/5216/3326/2896",14
"GO:0045785","GO:0045785","positive regulation of cell adhesion","18/292","482/18614",0.000641255930163468,0.0173791225818879,0.0152677259376119,"566/1511/1991/3956/648/402/1021/3146/2526/6188/5034/29108/2316/708/10519/91663/5777/6281",18
"GO:1900542","GO:1900542","regulation of purine nucleotide metabolic process","7/292","93/18614",0.000652177147419871,0.0175265757768802,0.0153972649841985,"2023/6622/402/93974/4718/5223/706",7
"GO:0006364","GO:0006364","rRNA processing","11/292","218/18614",0.000683663030370222,0.0181075167309811,0.0159076271863956,"11224/6194/6202/6229/6201/6129/6209/6218/6223/5036/51504",11
"GO:0006140","GO:0006140","regulation of nucleotide metabolic process","7/292","94/18614",0.000695364231817154,0.0181075167309811,0.0159076271863956,"2023/6622/402/93974/4718/5223/706",7
"GO:0010952","GO:0010952","positive regulation of peptidase activity","10/292","185/18614",0.000702105089006145,0.0181075167309811,0.0159076271863956,"6622/3146/6188/2934/51065/29108/51079/10541/2896/3336",10
"GO:0032640","GO:0032640","tumor necrosis factor production","10/292","185/18614",0.000702105089006145,0.0181075167309811,0.0159076271863956,"566/3315/4282/2950/3146/29108/6693/1652/706/5777",10
"GO:0032680","GO:0032680","regulation of tumor necrosis factor production","10/292","185/18614",0.000702105089006145,0.0181075167309811,0.0159076271863956,"566/3315/4282/2950/3146/29108/6693/1652/706/5777",10
"GO:0006457","GO:0006457","protein folding","11/292","220/18614",0.00073718119639219,0.0186629013819843,0.0163955379311136,"5478/3315/402/5034/81611/5479/64215/3326/2896/3336/7184",11
"GO:0048704","GO:0048704","embryonic skeletal system morphogenesis","7/292","95/18614",0.000740785980721618,0.0186629013819843,0.0163955379311136,"3217/3205/3219/860/3218/3213/648",7
"GO:0050729","GO:0050729","positive regulation of inflammatory response","9/292","154/18614",0.000741147115544718,0.0186629013819843,0.0163955379311136,"3956/8673/4818/6622/29108/241/1652/6223/2896",9
"GO:0070943","GO:0070943","neutrophil-mediated killing of symbiont cell","3/292","12/18614",0.00075682689040843,0.0189088468400481,0.0166116033758232,"566/1511/1991",3
"GO:1904666","GO:1904666","regulation of ubiquitin protein ligase activity","4/292","27/18614",0.000783186674281779,0.019386633825873,0.017031343827147,"6224/6167/6201/6209",4
"GO:1903312","GO:1903312","negative regulation of mRNA metabolic process","7/292","96/18614",0.00078852372234548,0.019386633825873,0.017031343827147,"4904/3182/708/5725/55603/3184/10772",7
"GO:0010810","GO:0010810","regulation of cell-substrate adhesion","11/292","222/18614",0.000794136657657714,0.019386633825873,0.017031343827147,"402/1021/71/5034/2316/81/708/10519/91663/5880/6281",11
"GO:0010811","GO:0010811","positive regulation of cell-substrate adhesion","8/292","125/18614",0.000803593377734473,0.0194688759242034,0.0171035942996277,"402/1021/5034/2316/708/10519/91663/6281",8
"GO:1903321","GO:1903321","negative regulation of protein modification by small protein conjugation or removal","7/292","97/18614",0.000838660295367931,0.0201656813878695,0.0177157445851762,"5478/6224/6188/6167/6201/6209/706",7
"GO:0071706","GO:0071706","tumor necrosis factor superfamily cytokine production","10/292","190/18614",0.000861920729983879,0.0204179444036181,0.0179373600649277,"566/3315/4282/2950/3146/29108/6693/1652/706/5777",10
"GO:1903555","GO:1903555","regulation of tumor necrosis factor superfamily cytokine production","10/292","190/18614",0.000861920729983879,0.0204179444036181,0.0179373600649277,"566/3315/4282/2950/3146/29108/6693/1652/706/5777",10
"GO:0052548","GO:0052548","regulation of endopeptidase activity","14/292","336/18614",0.000902503851848161,0.0212221126339001,0.0186438295710739,"2597/6622/3146/6188/2934/51065/29108/25824/51079/5273/2821/10541/3336/1471",14
"GO:1990266","GO:1990266","neutrophil migration","8/292","128/18614",0.000938275846490756,0.021902234723193,0.0192413233521616,"6368/5478/2526/5479/708/682/4267/5880",8
"GO:0002685","GO:0002685","regulation of leukocyte migration","11/292","227/18614",0.00095268286933574,0.0220773899719978,0.0193951989188184,"1991/928/4282/3146/2526/29108/6693/1652/708/4267/5880",11
"GO:0097193","GO:0097193","intrinsic apoptotic signaling pathway","13/292","301/18614",0.000987054247422989,0.0227093488004224,0.0199503808131159,"2023/5478/3315/4282/6188/5034/6201/51065/29108/1396/51079/3094/7314",13
"GO:0031640","GO:0031640","killing of cells of another organism","5/292","49/18614",0.000995322238189965,0.0227360036980822,0.0199737973964588,"2597/3151/4069/6223/140823",5
"GO:2000765","GO:2000765","regulation of cytoplasmic translation","4/292","29/18614",0.00103413220970448,0.0234549986286165,0.0206054413415548,"4904/23521/3184/5315",4
"GO:2001233","GO:2001233","regulation of apoptotic signaling pathway","15/292","381/18614",0.00106090955046189,0.0237439039021516,0.0208592473963472,"2023/5478/3315/4282/4000/648/2950/6188/5034/3148/6201/29108/4150/51079/7314",15
"GO:0016052","GO:0016052","carbohydrate catabolic process","9/292","162/18614",0.00106171928017751,0.0237439039021516,0.0208592473963472,"2023/2597/402/2526/7167/5223/3939/2821/5315",9
"GO:1903578","GO:1903578","regulation of ATP metabolic process","6/292","74/18614",0.00107289421328658,0.0238271923200727,0.0209324170706277,"2023/402/93974/4718/5223/706",6
"GO:0006402","GO:0006402","mRNA catabolic process","12/292","268/18614",0.00112662285578179,0.024715031881369,0.0217123926438807,"4904/4869/7431/51690/23658/3182/57819/55603/6050/3184/23589/26135",12
"GO:0002532","GO:0002532","production of molecular mediator involved in inflammatory response","7/292","102/18614",0.00112832853492179,0.024715031881369,0.0217123926438807,"8673/122618/29108/241/6223/2896/23646",7
"GO:0052547","GO:0052547","regulation of peptidase activity","16/292","425/18614",0.00116638248775976,0.0253747700398347,0.0222919789461568,"2597/6622/3146/6188/2934/51065/29108/25824/51079/5273/5037/2821/10541/2896/3336/1471",16
"GO:0042744","GO:0042744","hydrogen peroxide catabolic process","4/292","30/18614",0.00117863998134617,0.0254681801374666,0.0223740406131787,"4353/6622/847/25824",4
"GO:0030168","GO:0030168","platelet activation","8/292","133/18614",0.00120245032051423,0.0257399686606177,0.022612809438527,"1511/5478/3315/928/71/1192/2316/5777",8
"GO:0046598","GO:0046598","positive regulation of viral entry into host cell","3/292","14/18614",0.00122341314459471,0.0257399686606177,0.022612809438527,"3956/3146/5034",3
"GO:0070942","GO:0070942","neutrophil mediated cytotoxicity","3/292","14/18614",0.00122341314459471,0.0257399686606177,0.022612809438527,"566/1511/1991",3
"GO:0075294","GO:0075294","positive regulation by symbiont of entry into host","3/292","14/18614",0.00122341314459471,0.0257399686606177,0.022612809438527,"3956/3146/5034",3
"GO:0032760","GO:0032760","positive regulation of tumor necrosis factor production","7/292","105/18614",0.00133653575433186,0.0277699532241724,0.0243961703549311,"566/3315/4282/3146/29108/6693/1652",7
"GO:0140694","GO:0140694","non-membrane-bounded organelle assembly","15/292","390/18614",0.00133726478940668,0.0277699532241724,0.0243961703549311,"6175/6228/3921/6188/71/2934/51065/4869/6209/2316/6223/708/26054/27258/203068",15
"GO:0072593","GO:0072593","reactive oxygen species metabolic process","11/292","237/18614",0.00134875370143496,0.0278278344334774,0.0244470195526649,"4353/6622/2950/847/93974/4718/25824/51079/706/140823/5880",11
"GO:0002274","GO:0002274","myeloid leukocyte activation","11/292","240/18614",0.00149098377249042,0.0302131801321438,0.0265425686358882,"566/1511/8673/4282/6622/3146/29108/2242/5777/5880/2896",11
"GO:0000054","GO:0000054","ribosomal subunit export from nucleus","3/292","15/18614",0.00151160375895654,0.0302131801321438,0.0265425686358882,"4869/6209/5901",3
"GO:0002679","GO:0002679","respiratory burst involved in defense response","3/292","15/18614",0.00151160375895654,0.0302131801321438,0.0265425686358882,"4353/6223/2896",3
"GO:0033750","GO:0033750","ribosome localization","3/292","15/18614",0.00151160375895654,0.0302131801321438,0.0265425686358882,"4869/6209/5901",3
"GO:2000767","GO:2000767","positive regulation of cytoplasmic translation","3/292","15/18614",0.00151160375895654,0.0302131801321438,0.0265425686358882,"4904/3184/5315",3
"GO:0010950","GO:0010950","positive regulation of endopeptidase activity","9/292","171/18614",0.00154790293717416,0.0305774688211584,0.0268625997444692,"6622/3146/6188/2934/51065/29108/51079/10541/3336",9
"GO:0031113","GO:0031113","regulation of microtubule polymerization","5/292","54/18614",0.00154895245435512,0.0305774688211584,0.0268625997444692,"6622/402/6188/3925/2242",5
"GO:0051701","GO:0051701","biological process involved in interaction with host","10/292","206/18614",0.0015855012138331,0.0311069501953267,0.0273277542119505,"3956/8673/5478/3146/3921/2934/5034/3326/156/682",10
"GO:0032272","GO:0032272","negative regulation of protein polymerization","6/292","80/18614",0.0016096070614635,0.0313873376985382,0.0275740773237874,"6622/822/2934/3925/5216/91663",6
"GO:1903557","GO:1903557","positive regulation of tumor necrosis factor superfamily cytokine production","7/292","109/18614",0.00165954194606633,0.0321649402637582,0.028257208638284,"566/3315/4282/3146/29108/6693/1652",7
"GO:0072331","GO:0072331","signal transduction by p53 class mediator","9/292","173/18614",0.00167707097658198,0.0322160667771777,0.0283021237708723,"4282/6224/6167/6201/51065/29108/6209/3094/7314",9
"GO:0042743","GO:0042743","hydrogen peroxide metabolic process","5/292","55/18614",0.0016823274395837,0.0322160667771777,0.0283021237708723,"4353/6622/847/25824/5880",5
"GO:0033006","GO:0033006","regulation of mast cell activation involved in immune response","4/292","33/18614",0.0016961938194341,0.0322882609199419,0.02836554701798,"8673/2242/5777/5880",4
"GO:0045727","GO:0045727","positive regulation of translation","8/292","141/18614",0.00174530535701686,0.0330265475250883,0.0290141388843227,"6191/4904/51065/4869/7431/708/3184/5315",8
"GO:0006735","GO:0006735","NADH regeneration","3/292","16/18614",0.00183896442034228,0.0341919082340384,0.0300379194485529,"2023/7167/5315",3
"GO:0061621","GO:0061621","canonical glycolysis","3/292","16/18614",0.00183896442034228,0.0341919082340384,0.0300379194485529,"2023/7167/5315",3
"GO:0061718","GO:0061718","glucose catabolic process to pyruvate","3/292","16/18614",0.00183896442034228,0.0341919082340384,0.0300379194485529,"2023/7167/5315",3
"GO:1902624","GO:1902624","positive regulation of neutrophil migration","4/292","34/18614",0.00189889796680502,0.0351021716638292,0.0308375946054311,"2526/708/4267/5880",4
"GO:0072332","GO:0072332","intrinsic apoptotic signaling pathway by p53 class mediator","6/292","83/18614",0.00194443355847686,0.0357373478161437,0.0313956029496355,"4282/6201/51065/29108/3094/7314",6
"GO:0031396","GO:0031396","regulation of protein ubiquitination","10/292","213/18614",0.00202834326397458,0.0370665243325183,0.0325632972724701,"5478/648/6224/6188/6167/6201/6209/706/7314/3326",10
"GO:0043254","GO:0043254","regulation of protein-containing complex assembly","15/292","409/18614",0.00212296046106382,0.0385751565595574,0.0338886451589673,"6622/822/402/3146/51673/6188/2934/1854/29108/23521/3925/2242/5216/91663/26054",15
"GO:1903311","GO:1903311","regulation of mRNA metabolic process","13/292","329/18614",0.0021791914146031,0.0393731872536764,0.0345897227807058,"3178/4904/4869/7431/3182/708/5725/55603/3184/23589/26135/4691/10772",13
"GO:0051438","GO:0051438","regulation of ubiquitin-protein transferase activity","5/292","59/18614",0.00230118147083596,0.0413436985603,0.0363208358702613,"648/6224/6167/6201/6209",5
"GO:0031333","GO:0031333","negative regulation of protein-containing complex assembly","8/292","148/18614",0.00236478637584042,0.0422490884354059,0.0371162295625879,"6622/822/3146/2934/23521/3925/5216/91663",8
"GO:0046785","GO:0046785","microtubule polymerization","6/292","87/18614",0.00246974443937923,0.0438791262063043,0.038548233384229,"6622/402/51673/6188/3925/2242",6
"GO:0002366","GO:0002366","leukocyte activation involved in immune response","12/292","296/18614",0.00258677868783729,0.0452596797845715,0.0397610629488896,"3956/8673/4818/6194/3146/4602/29108/6693/2242/5777/5880/2896",12
"GO:0031110","GO:0031110","regulation of microtubule polymerization or depolymerization","6/292","88/18614",0.00261628504798123,0.0452596797845715,0.0397610629488896,"6622/402/6188/3925/2242/10519",6
"GO:0032273","GO:0032273","positive regulation of protein polymerization","6/292","88/18614",0.00261628504798123,0.0452596797845715,0.0397610629488896,"402/51673/6188/29108/2242/5216",6
"GO:0060263","GO:0060263","regulation of respiratory burst","3/292","18/18614",0.00261821161980792,0.0452596797845715,0.0397610629488896,"6223/5880/2896",3
"GO:0061620","GO:0061620","glycolytic process through glucose-6-phosphate","3/292","18/18614",0.00261821161980792,0.0452596797845715,0.0397610629488896,"2023/7167/5315",3
"GO:0044000","GO:0044000","movement in host","9/292","185/18614",0.0026448706326712,0.0454747112004435,0.0399499701109192,"3956/8673/5478/3146/3921/2934/5034/156/682",9
"GO:1905517","GO:1905517","macrophage migration","5/292","61/18614",0.0026660272036925,0.0455933422321316,0.0400541886104998,"566/928/4282/23521/1652",5
"GO:0045652","GO:0045652","regulation of megakaryocyte differentiation","4/292","38/18614",0.00287776591923587,0.0488195078420409,0.0428884060532593,"4602/3148/3276/10519",4
"GO:0002263","GO:0002263","cell activation involved in immune response","12/292","300/18614",0.00288520543531761,0.0488195078420409,0.0428884060532593,"3956/8673/4818/6194/3146/4602/29108/6693/2242/5777/5880/2896",12
"GO:0046718","GO:0046718","viral entry into host cell","8/292","153/18614",0.00290408199574979,0.0488802853810938,0.0429417997044664,"3956/8673/3146/3921/2934/5034/156/682",8
