,ID,Description,GeneRatio,BgRatio,pvalue,p.adjust,qvalue,geneID,Count
GO:0002181,GO:0002181,cytoplasmic translation,38/292,159/18614,3.09E-34,9.87E-31,8.67E-31,6176/11224/6194/6175/6191/6146/6222/6224/6202/6229/6228/6168/6143/3921/6137/6188/6173/6136/25873/6161/6181/6189/6157/6122/6167/6171/6201/4736/6160/6129/4904/23521/6209/6218/6170/6223/3184/5315,38
GO:0019693,GO:0019693,ribose phosphate metabolic process,29/292,473/18614,4.20E-10,8.40E-08,7.38E-08,2023/2597/204/6622/402/4831/93974/4718/521/517/516/5901/7167/51079/518/3094/79621/10632/522/5223/4830/4715/3939/706/506/9551/4717/2821/5315,29
GO:0046034,GO:0046034,ATP metabolic process,23/292,219/18614,6.66E-13,2.66E-10,2.34E-10,2023/2597/204/402/93974/4718/521/517/516/7167/51079/518/10632/522/5223/4715/3939/706/506/9551/4717/2821/5315,23
GO:0006119,GO:0006119,oxidative phosphorylation,21/292,148/18614,1.73E-14,1.44E-11,1.27E-11,6622/1345/4718/1351/521/7388/1329/51142/51079/9377/1347/10632/522/27089/1337/4715/29796/7386/506/9551/4717,21
GO:0045785,GO:0045785,positive regulation of cell adhesion,18/292,482/18614,0.000641256,0.017379123,0.015267726,566/1511/1991/3956/648/402/1021/3146/2526/6188/5034/29108/2316/708/10519/91663/5777/6281,18
GO:0022900,GO:0022900,electron transport chain,16/292,177/18614,2.04E-08,2.51E-06,2.21E-06,6622/1345/4718/1351/7388/1329/51142/9377/1347/27089/1337/4715/29796/7386/4717/2109,16
GO:0006959,GO:0006959,humoral immune response,16/292,250/18614,2.26E-06,0.000160842,0.000141302,566/1511/1991/1675/2597/6037/648/3151/4069/6170/6039/6223/708/140823/2821/5777,16
GO:0006754,GO:0006754,ATP biosynthetic process,13/292,106/18614,1.15E-08,1.48E-06,1.30E-06,2023/4718/521/517/516/51079/518/10632/522/4715/506/9551/4717,13
GO:0032640,GO:0032640,tumor necrosis factor production,10/292,185/18614,0.000702105,0.018107517,0.015907627,566/3315/4282/2950/3146/29108/6693/1652/706/5777,10
